<?xml version="1.0" encoding="UTF-8" ?>
<rss version="2.0">

<channel>

  <title>The Roscoe Blog</title>
  <link>http://roscoelabs.com/blog</link>
  <description>Official company blog for Roscoe Labs, including developer updates, product news, and other information.</description>


  <item>
    <title>Yes, we'll do HTTPS.</title>
    <link>http://roscoelabs.com/blog/20141118-yes-well-do-https.html</link>
    <description>We're wholeheartedly embracing the NYT's recent challenge to convert all news sites by the end of 2015 to the secure HTTPS protocol for serving information to readers.</description>
    <pubDate>Tuesday, 18 November 2014 16:35:00 GMT</pubDate>
  </item>



  <item>
    <title>Rebooting Roscoe</title>
    <link>http://roscoelabs.com/blog/20140425-rebooting-roscoe.html</link>
    <description>Big changes ahead for Roscoe Labs. We're sunsetting the Roscoe.TV web app, announcing a new flagship product on Monday, April 28, 2014.</description>
    <pubDate>Friday, 25 April 2014 21:36:00 GMT</pubDate>
  </item>


  <item>
    <title>Meet Beams, a better web framework</title>
    <link>http://roscoelabs.com/blog/20140428-meet-beams.html</link>
    <description>Today we're elated to publicly release Beams, a free framework for building content-focused, media-rich websites. This version is just an alpha, but we believe it contains the right seeds to become a powerful, full-fledged solution for publishers of all sizes over time.</description>
    <pubDate>Monday, 28 April 2014 7:01:00 GMT</pubDate>
  </item>



</channel>

</rss>
